100_S196	sagalactiae	10	adhP(9)	pheS(1)	atr(4)	glnA(1)	sdhA(3)	glcK(3)	tkt(2)
10_S10	sagalactiae	23	adhP(5)	pheS(4)	atr(6)	glnA(3)	sdhA(2)	glcK(1)	tkt(3)
11_S11	sagalactiae	-	adhP(5)	pheS(10)	atr(6)	glnA(3)	sdhA(2)	glcK(~1)	tkt(3)
12_S12	sagalactiae	23	adhP(5)	pheS(4)	atr(6)	glnA(3)	sdhA(2)	glcK(1)	tkt(3)
13_S13	sagalactiae	-	adhP(2)	pheS(1)	atr(~1)	glnA(2)	sdhA(1)	glcK(1)	tkt(1)
14_S14	sagalactiae	17	adhP(2)	pheS(1)	atr(1)	glnA(2)	sdhA(1)	glcK(1)	tkt(1)
15_S15	sagalactiae	1	adhP(1)	pheS(1)	atr(2)	glnA(1)	sdhA(1)	glcK(2)	tkt(2)
16_S16	sagalactiae	23	adhP(5)	pheS(4)	atr(6)	glnA(3)	sdhA(2)	glcK(1)	tkt(3)
17_S17	sagalactiae	19	adhP(1)	pheS(1)	atr(3)	glnA(2)	sdhA(2)	glcK(2)	tkt(2)
18_S18	sagalactiae	1	adhP(1)	pheS(1)	atr(2)	glnA(1)	sdhA(1)	glcK(2)	tkt(2)
19_S19	sagalactiae	17	adhP(2)	pheS(1)	atr(1)	glnA(2)	sdhA(1)	glcK(1)	tkt(1)
20_S20	sagalactiae	23	adhP(5)	pheS(4)	atr(6)	glnA(3)	sdhA(2)	glcK(1)	tkt(3)
21_S21	sagalactiae	23	adhP(5)	pheS(4)	atr(6)	glnA(3)	sdhA(2)	glcK(1)	tkt(3)
22_S22	sagalactiae	17	adhP(2)	pheS(1)	atr(1)	glnA(2)	sdhA(1)	glcK(1)	tkt(1)
23_S23	sagalactiae	17	adhP(2)	pheS(1)	atr(1)	glnA(2)	sdhA(1)	glcK(1)	tkt(1)
24_S24	sagalactiae	17	adhP(2)	pheS(1)	atr(1)	glnA(2)	sdhA(1)	glcK(1)	tkt(1)
25_S25	sagalactiae	19	adhP(1)	pheS(1)	atr(3)	glnA(2)	sdhA(2)	glcK(2)	tkt(2)
26_S26	sagalactiae	-	adhP(2)	pheS(1)	atr(~1)	glnA(2)	sdhA(1)	glcK(1)	tkt(1)
27_S27	sagalactiae	-	adhP(2)	pheS(1)	atr(~1)	glnA(2)	sdhA(1)	glcK(1)	tkt(1)
28_S28	sagalactiae	10	adhP(9)	pheS(1)	atr(4)	glnA(1)	sdhA(3)	glcK(3)	tkt(2)
29_S29	sagalactiae	23	adhP(5)	pheS(4)	atr(6)	glnA(3)	sdhA(2)	glcK(1)	tkt(3)
2_S2	sagalactiae	17	adhP(2)	pheS(1)	atr(1)	glnA(2)	sdhA(1)	glcK(1)	tkt(1)
30_S30	sagalactiae	23	adhP(5)	pheS(4)	atr(6)	glnA(3)	sdhA(2)	glcK(1)	tkt(3)
31_S31	sagalactiae	17	adhP(2)	pheS(1)	atr(1)	glnA(2)	sdhA(1)	glcK(1)	tkt(1)
33_S33	sagalactiae	17	adhP(2)	pheS(1)	atr(1)	glnA(2)	sdhA(1)	glcK(1)	tkt(1)
34_S34	sagalactiae	17	adhP(2)	pheS(1)	atr(1)	glnA(2)	sdhA(1)	glcK(1)	tkt(1)
35_S35	sagalactiae	-	adhP(~1)	pheS(1)	atr(3)	glnA(1)	sdhA(41)	glcK(12)	tkt(2)
36_S36	sagalactiae	335	adhP(1)	pheS(1)	atr(43)	glnA(2)	sdhA(2)	glcK(2)	tkt(2)
37_S37	sagalactiae	88	adhP(5)	pheS(10)	atr(6)	glnA(3)	sdhA(2)	glcK(1)	tkt(3)
38_S38	sagalactiae	17	adhP(2)	pheS(1)	atr(1)	glnA(2)	sdhA(1)	glcK(1)	tkt(1)
39_S39	sagalactiae	23	adhP(5)	pheS(4)	atr(6)	glnA(3)	sdhA(2)	glcK(1)	tkt(3)
3_S3	sagalactiae	1	adhP(1)	pheS(1)	atr(2)	glnA(1)	sdhA(1)	glcK(2)	tkt(2)
40_S40	sagalactiae	23	adhP(5)	pheS(4)	atr(6)	glnA(3)	sdhA(2)	glcK(1)	tkt(3)
41_S41	sagalactiae	17	adhP(2)	pheS(1)	atr(1)	glnA(2)	sdhA(1)	glcK(1)	tkt(1)
42_S42	sagalactiae	17	adhP(2)	pheS(1)	atr(1)	glnA(2)	sdhA(1)	glcK(1)	tkt(1)
43_S43	sagalactiae	17	adhP(2)	pheS(1)	atr(1)	glnA(2)	sdhA(1)	glcK(1)	tkt(1)
44_S44	sagalactiae	459	adhP(1)	pheS(1)	atr(3)	glnA(1)	sdhA(41)	glcK(12)	tkt(2)
45_S45	sagalactiae	459	adhP(1)	pheS(1)	atr(3)	glnA(1)	sdhA(41)	glcK(12)	tkt(2)
46_S46	sagalactiae	23	adhP(5)	pheS(4)	atr(6)	glnA(3)	sdhA(2)	glcK(1)	tkt(3)
47_S47	sagalactiae	-	adhP(1)	pheS(1)	atr(~3)	glnA(2)	sdhA(2)	glcK(2)	tkt(2)
48_S48	sagalactiae	17	adhP(2)	pheS(1)	atr(1)	glnA(2)	sdhA(1)	glcK(1)	tkt(1)
49_S49	sagalactiae	17	adhP(2)	pheS(1)	atr(1)	glnA(2)	sdhA(1)	glcK(1)	tkt(1)
4_S4	sagalactiae	8	adhP(4)	pheS(1)	atr(4)	glnA(1)	sdhA(3)	glcK(3)	tkt(2)
50_S50	sagalactiae	17	adhP(2)	pheS(1)	atr(1)	glnA(2)	sdhA(1)	glcK(1)	tkt(1)
51_S51	sagalactiae	23	adhP(5)	pheS(4)	atr(6)	glnA(3)	sdhA(2)	glcK(1)	tkt(3)
52_S52	sagalactiae	17	adhP(2)	pheS(1)	atr(1)	glnA(2)	sdhA(1)	glcK(1)	tkt(1)
53_S53	sagalactiae	17	adhP(2)	pheS(1)	atr(1)	glnA(2)	sdhA(1)	glcK(1)	tkt(1)
54_S54	sagalactiae	-	adhP(5)	pheS(~4)	atr(6)	glnA(3)	sdhA(2)	glcK(1)	tkt(3)
55_S55	sagalactiae	8	adhP(4)	pheS(1)	atr(4)	glnA(1)	sdhA(3)	glcK(3)	tkt(2)
56_S56	sagalactiae	17	adhP(2)	pheS(1)	atr(1)	glnA(2)	sdhA(1)	glcK(1)	tkt(1)
57_S57	sagalactiae	17	adhP(2)	pheS(1)	atr(1)	glnA(2)	sdhA(1)	glcK(1)	tkt(1)
58_S58	sagalactiae	17	adhP(2)	pheS(1)	atr(1)	glnA(2)	sdhA(1)	glcK(1)	tkt(1)
59_S59	sagalactiae	17	adhP(2)	pheS(1)	atr(1)	glnA(2)	sdhA(1)	glcK(1)	tkt(1)
5_S5	sagalactiae	19	adhP(1)	pheS(1)	atr(3)	glnA(2)	sdhA(2)	glcK(2)	tkt(2)
60_S60	sagalactiae	17	adhP(2)	pheS(1)	atr(1)	glnA(2)	sdhA(1)	glcK(1)	tkt(1)
61_S61	sagalactiae	109	adhP(2)	pheS(1)	atr(1)	glnA(10)	sdhA(1)	glcK(1)	tkt(1)
62_S62	sagalactiae	17	adhP(2)	pheS(1)	atr(1)	glnA(2)	sdhA(1)	glcK(1)	tkt(1)
63_S63	sagalactiae	17	adhP(2)	pheS(1)	atr(1)	glnA(2)	sdhA(1)	glcK(1)	tkt(1)
64_S64	sagalactiae	-	adhP(4)	pheS(1)	atr(4)	glnA(4)	sdhA(3)	glcK(3)	tkt(2)
65_S65	sagalactiae	459	adhP(1)	pheS(1)	atr(3)	glnA(1)	sdhA(41)	glcK(12)	tkt(2)
66_S66	sagalactiae	17	adhP(2)	pheS(1)	atr(1)	glnA(2)	sdhA(1)	glcK(1)	tkt(1)
67_S67	sagalactiae	17	adhP(2)	pheS(1)	atr(1)	glnA(2)	sdhA(1)	glcK(1)	tkt(1)
68_S68	sagalactiae	17	adhP(2)	pheS(1)	atr(1)	glnA(2)	sdhA(1)	glcK(1)	tkt(1)
69_S69	sagalactiae	19	adhP(1)	pheS(1)	atr(3)	glnA(2)	sdhA(2)	glcK(2)	tkt(2)
6_S6	sagalactiae	109	adhP(2)	pheS(1)	atr(1)	glnA(10)	sdhA(1)	glcK(1)	tkt(1)
70_S70	sagalactiae	17	adhP(2)	pheS(1)	atr(1)	glnA(2)	sdhA(1)	glcK(1)	tkt(1)
71_S71	sagalactiae	17	adhP(2)	pheS(1)	atr(1)	glnA(2)	sdhA(1)	glcK(1)	tkt(1)
72_S72	sagalactiae	8	adhP(4)	pheS(1)	atr(4)	glnA(1)	sdhA(3)	glcK(3)	tkt(2)
73_S73	sagalactiae	17	adhP(2)	pheS(1)	atr(1)	glnA(2)	sdhA(1)	glcK(1)	tkt(1)
74_S74	sagalactiae	459	adhP(1)	pheS(1)	atr(3)	glnA(1)	sdhA(41)	glcK(12)	tkt(2)
75_S75	sagalactiae	17	adhP(2)	pheS(1)	atr(1)	glnA(2)	sdhA(1)	glcK(1)	tkt(1)
76_S76	sagalactiae	10	adhP(9)	pheS(1)	atr(4)	glnA(1)	sdhA(3)	glcK(3)	tkt(2)
77_S77	sagalactiae	23	adhP(5)	pheS(4)	atr(6)	glnA(3)	sdhA(2)	glcK(1)	tkt(3)
78_S78	sagalactiae	23	adhP(5)	pheS(4)	atr(6)	glnA(3)	sdhA(2)	glcK(1)	tkt(3)
79_S79	sagalactiae	17	adhP(2)	pheS(1)	atr(1)	glnA(2)	sdhA(1)	glcK(1)	tkt(1)
7_S7	sagalactiae	23	adhP(5)	pheS(4)	atr(6)	glnA(3)	sdhA(2)	glcK(1)	tkt(3)
80_S80	sagalactiae	17	adhP(2)	pheS(1)	atr(1)	glnA(2)	sdhA(1)	glcK(1)	tkt(1)
82_S82	sagalactiae	17	adhP(2)	pheS(1)	atr(1)	glnA(2)	sdhA(1)	glcK(1)	tkt(1)
83_S83	sagalactiae	1	adhP(1)	pheS(1)	atr(2)	glnA(1)	sdhA(1)	glcK(2)	tkt(2)
84_S84	sagalactiae	28	adhP(1)	pheS(1)	atr(3)	glnA(5)	sdhA(2)	glcK(2)	tkt(2)
85_S85	sagalactiae	860	adhP(157)	pheS(1)	atr(1)	glnA(2)	sdhA(1)	glcK(1)	tkt(1)
86_S86	sagalactiae	88	adhP(5)	pheS(10)	atr(6)	glnA(3)	sdhA(2)	glcK(1)	tkt(3)
87_S87	sagalactiae	17	adhP(2)	pheS(1)	atr(1)	glnA(2)	sdhA(1)	glcK(1)	tkt(1)
88_S88	sagalactiae	19	adhP(1)	pheS(1)	atr(3)	glnA(2)	sdhA(2)	glcK(2)	tkt(2)
89_S89	sagalactiae	23	adhP(5)	pheS(4)	atr(6)	glnA(3)	sdhA(2)	glcK(1)	tkt(3)
8_S8	sagalactiae	-	adhP(2)	pheS(1)	atr(~1)	glnA(2)	sdhA(1)	glcK(1)	tkt(1)
90_S90	sagalactiae	31	adhP(2)	pheS(1)	atr(1)	glnA(6)	sdhA(1)	glcK(1)	tkt(1)
91_S91	sagalactiae	31	adhP(2)	pheS(1)	atr(1)	glnA(6)	sdhA(1)	glcK(1)	tkt(1)
92_S92	sagalactiae	23	adhP(5)	pheS(4)	atr(6)	glnA(3)	sdhA(2)	glcK(1)	tkt(3)
93_S93	sagalactiae	23	adhP(5)	pheS(4)	atr(6)	glnA(3)	sdhA(2)	glcK(1)	tkt(3)
94_S94	sagalactiae	23	adhP(5)	pheS(4)	atr(6)	glnA(3)	sdhA(2)	glcK(1)	tkt(3)
95_S95	sagalactiae	28	adhP(1)	pheS(1)	atr(3)	glnA(5)	sdhA(2)	glcK(2)	tkt(2)
96_S96	sagalactiae	28	adhP(1)	pheS(1)	atr(3)	glnA(5)	sdhA(2)	glcK(2)	tkt(2)
97_S193	sagalactiae	23	adhP(5)	pheS(4)	atr(6)	glnA(3)	sdhA(2)	glcK(1)	tkt(3)
98_S194	sagalactiae	8	adhP(4)	pheS(1)	atr(4)	glnA(1)	sdhA(3)	glcK(3)	tkt(2)
99_S195	sagalactiae	17	adhP(2)	pheS(1)	atr(1)	glnA(2)	sdhA(1)	glcK(1)	tkt(1)
9_S9	sagalactiae	17	adhP(2)	pheS(1)	atr(1)	glnA(2)	sdhA(1)	glcK(1)	tkt(1)
BCH_only_no_cont.filtered_polymorphic_sites	sagalactiae	-	adhP(-)	pheS(-)	atr(-)	glnA(-)	sdhA(-)	glcK(-)	tkt(-)
Streptococcus_agalactiae_NEM316	sagalactiae	23	adhP(5)	pheS(4)	atr(6)	glnA(3)	sdhA(2)	glcK(1)	tkt(3)
