"label","Country","Serotype","ST","clonal_complex","Location"
"BCH5","BCH","III-1","19","cc19","BCH"
"BCH8","BCH","III-2","17","cc17","BCH"
"BCH9","BCH","III-2","17","cc17","BCH"
"BCH11","BCH","Ia","88","cc23","BCH"
"BCH14","BCH","III-2","17","cc17","BCH"
"BCH21","BCH","Ia","23","cc23","BCH"
"BCH22","BCH","III-2","17","cc17","BCH"
"BCH23","BCH","III-2","17","cc17","BCH"
"BCH24","BCH","III-2","17","cc17","BCH"
"BCH26","BCH","III-2","1470","cc17","BCH"
"BCH27","BCH","III-2","1470","cc17","BCH"
"BCH28","BCH","II","10","cc12","BCH"
"BCH30","BCH","Ia","23","cc23","BCH"
"BCH31","BCH","III-2","17","cc17","BCH"
"BCH33","BCH","III-2","17","cc17","BCH"
"BCH34","BCH","III-2","17","cc17","BCH"
"BCH36","BCH","III-1","335","cc19","BCH"
"BCH38","BCH","III-2","17","cc17","BCH"
"BCH39","BCH","Ia","23","cc23","BCH"
"BCH40","BCH","Ia","23","cc23","BCH"
"BCH41","BCH","III-2","17","cc17","BCH"
"BCH43","BCH","III-2","17","cc17","BCH"
"BCH45","BCH","IV","459","cc459","BCH"
"BCH47","BCH","III-1","1563","cc19","BCH"
"BCH48","BCH","III-2","17","cc17","BCH"
"BCH52","BCH","III-2","17","cc17","BCH"
"BCH55","BCH","Ib","8","cc12","BCH"
"BCH56","BCH","III-2","17","cc17","BCH"
"BCH58","BCH","III-2","17","cc17","BCH"
"BCH59","BCH","III-2","17","cc17","BCH"
"BCH61","BCH","III-2","109","cc17","BCH"
"BCH62","BCH","III-2","17","cc17","BCH"
"BCH63","BCH","III-2","17","cc17","BCH"
"BCH64","BCH","Ib","NF",NA,"BCH"
"BCH66","BCH","III-2","17","cc17","BCH"
"BCH67","BCH","III-2","17","cc17","BCH"
"BCH69","BCH","III-1","19","cc19","BCH"
"BCH70","BCH","III-2","17","cc17","BCH"
"BCH77","BCH","Ia","23","cc23","BCH"
"BCH79","BCH","III-2","17","cc17","BCH"
"BCH80","BCH","III-2","17","cc17","BCH"
"BCH82","BCH","III-2","17","cc17","BCH"
"BCH85","BCH","III-2","860","cc17","BCH"
"BCH87","BCH","III-2","17","cc17","BCH"
"BCH88","BCH","III-1","19","cc19","BCH"
"BCH89","BCH","Ia","23","cc23","BCH"
"BCH95","BCH","II","28","cc19","BCH"
"BCH99","BCH","III-2","17","cc17","BCH"
"SRR2451875","Canada","III-2","17","cc17","other"
"SRR2451884","Canada","III-2","278","cc17","other"
"SRR2451894","Canada","III-2","17","cc17","other"
"SRR2451897","Canada","III-2","17","cc17","other"
"SRR2451898","Canada","III-2?","17","cc17","other"
"SRR2451899","Canada","III-2","17","cc17","other"
"SRR2451900","Canada","III-2","17","cc17","other"
"SRR2451901","Canada","III-2","17","cc17","other"
"SRR2451904","Canada","III-2","17","cc17","other"
"SRR2451905","Canada","III-2","17","cc17","other"
"SRR2451908","Canada","III-2","17","cc17","other"
"SRR2451917","Canada","III-2","17","cc17","other"
"SRR2451918","Canada","III-2","17","cc17","other"
"SRR2451919","Canada","III-2","17","cc17","other"
"SRR2451920","Canada","III-2","17","cc17","other"
"SRR2451922","Canada","III-2","17","cc17","other"
"SRR2451925","Canada","III-2","17","cc17","other"
"SRR2451927","Canada","III-2","17","cc17","other"
"SRR2451929","Canada","III-2","17","cc17","other"
"SRR2451930","Canada","III-2","17","cc17","other"
"SRR2451931","Canada","III-2","17","cc17","other"
"SRR2451932","Canada","III-2","17","cc17","other"
"SRR2451933","Canada","III-2","17","cc17","other"
"SRR2451934","Canada","III-2","17","cc17","other"
"SRR2451936","Canada","III-2","17","cc17","other"
"SRR2451943","Canada","III-2","17","cc17","other"
"SRR2451945","Canada","III-2","17","cc17","other"
"SRR2451948","Canada","III-2","17","cc17","other"
"SRR2451949","Canada","III-2","17","cc17","other"
"SRR2451951","Canada","III-2","17","cc17","other"
"SRR2451952","Canada","III-2","17","cc17","other"
"SRR2451953","Canada","III-2","NF",NA,"other"
"SRR2451955","Canada","III-2","148","cc17","other"
"SRR2451956","Canada","III-2","17","cc17","other"
"SRR5061048","USA","III-2","17","cc17","USA"
"SRR5061064","USA","III-2","17","cc17","USA"
"SRR5061106","USA","III-2","17","cc17","USA"
"SRR5061116","USA","IV","468","cc452","USA"
"SRR5061167","USA","III-2","17","cc17","USA"
"SRR5061191","USA","III-2","17","cc17","USA"
"SRR5061204","USA","III-2","17","cc17","USA"
"SRR5061245","USA","IV","459","cc459","USA"
"SRR5061255","USA","III-2","860","cc17","USA"
"SRR5061280","USA","III-2","17","cc17","USA"
"SRR5061355","USA","III-2","17","cc17","USA"
"SRR5061429","USA","III-1","19","cc19","USA"
"SRR5061442","USA","III-2","31","cc17","USA"
"SRR5061451","USA","III-2","17","cc17","USA"
"SRR5061468","USA","III-2","17","cc17","USA"
"SRR5061479","USA","III-2","17","cc17","USA"
"SRR5061528","USA","III-2","17","cc17","USA"
"SRR5061533","USA","III-1","19","cc19","USA"
"SRR5061537","USA","III-2","17","cc17","USA"
"SRR5061579","USA","III-2","860","cc17","USA"
"SRR5061626","USA","III-2","17","cc17","USA"
"SRR5061670","USA","III-2","17","cc17","USA"
"SRR5061676","USA","III-2","17","cc17","USA"
"SRR5061680","USA","II","846","cc22","USA"
"SRR5061682","USA","III-2?","17","cc17","USA"
"SRR5061696","USA","III-2","17","cc17","USA"
"SRR5061699","USA","Ia","23","cc23","USA"
"SRR5061701","USA","III-2","17","cc17","USA"
"SRR5062212","USA","III-1","529","cc327","USA"
"SRR5062271","USA","V","1","cc1","USA"
"SRR5062296","USA","III-2","17","cc17","USA"
"SRR5062309","USA","III-2","17","cc17","USA"
"SRR5062321","USA","III-2","17","cc17","USA"
"SRR5062372","USA","III-2","17","cc17","USA"
"SRR5062384","USA","III-2","830","cc17","USA"
"SRR5062390","USA","III-2","17","cc17","USA"
"SRR5062426","USA","III-1","823","cc19","USA"
"SRR5062461","USA","III-2","17","cc17","USA"
"SRR5062468","USA","Ia","23","cc23","USA"
"SRR5062505","USA","III-2","12","cc12","USA"
"SRR5062538","USA","Ib","12","cc12","USA"
"SRR5062601","USA","III-2","17","cc17","USA"
"SRR5062614","USA","III-2","17","cc17","USA"
"SRR5062647","USA","III-2","17","cc17","USA"
"SRR5062657","USA","III-2","17","cc17","USA"
"SRR5062704","USA","III-2","17","cc17","USA"
"SRR5062715","USA","III-1","335","cc19","USA"
"SRR5063277","USA","III-2","17","cc17","USA"
"SRR5063287","USA","IV","452","cc452","USA"
"SRR5063294","USA","Ia","23","cc23","USA"
"SRR5063302","USA","V","1","cc1","USA"
"SRR5063307","USA","Ia","24","cc452","USA"
"SRR5063335","USA","III-1","19","cc19","USA"
"SRR5063340","USA","IV","452","cc452","USA"
"SRR5063354","USA","III-1","529","cc327","USA"
"SRR5063372","USA","Ia","23","cc23","USA"
"SRR5063374","USA","III-2","17","cc17","USA"
"SRR5063402","USA","II","28","cc19","USA"
"SRR5063425","USA","III-1","19","cc19","USA"
"SRR5063433","USA","IV","459","cc459","USA"
"SRR5063478","USA","Ib","8","cc12","USA"
"SRR5063533","USA","IV","459","cc459","USA"
"SRR5063540","USA","III-2","17","cc17","USA"
"SRR5063569","USA","III-2","17","cc17","USA"
"SRR5063598","USA","III-2","17","cc17","USA"
"SRR5063624","USA","III-2","17","cc17","USA"
"SRR5063631","USA","Ia","23","cc23","USA"
"SRR5063663","USA","III-2","31","cc17","USA"
"SRR5063683","USA","III-2","17","cc17","USA"
"SRR5063689","USA","III-2","17","cc17","USA"
"SRR5063702","USA","III-2","860","cc17","USA"
"SRR5063710","USA","Ia","23","cc23","USA"
"SRR5063711","USA","III-2","860","cc17","USA"
"SRR5063726","USA","IV","452","cc452","USA"
"SRR5063729","USA","III-2","17","cc17","USA"
"SRR5063736","USA","Ia","23","cc23","USA"
"SRR5064102","USA","III-2","17","cc17","USA"
"SRR5064129","USA","III-2","17","cc17","USA"
"SRR5064160","USA","Ia","24","cc452","USA"
"SRR5064184","USA","III-2","17","cc17","USA"
"SRR5064191","USA","III-2","17","cc17","USA"
"SRR5064204","USA","III-2","17","cc17","USA"
"SRR5064227","USA","III-2","17","cc17","USA"
"SRR5064303","USA","Ib","8","cc12","USA"
"SRR5064315","USA","III-2","17","cc17","USA"
"SRR5064369","USA","III-2","17","cc17","USA"
"SRR5064404","USA","III-2","17","cc17","USA"
"SRR5064406","USA","III-2","17","cc17","USA"
"SRR5064463","USA","Ia","23","cc23","USA"
"SRR5064467","USA","Ib","8","cc12","USA"
"SRR5064528","USA","III-2","17","cc17","USA"
"SRR5064533","USA","III-2","17","cc17","USA"
"SRR5064544","USA","III-2","17","cc17","USA"
"SRR5064546","USA","IV","459","cc459","USA"
"SRR7281504","USA","Ia","23","cc23","USA"
"SRR7281542","USA","III-2","17","cc17","USA"
"SRR7281569","USA","III-2","17","cc17","USA"
"SRR7281581","USA","III-2","17","cc17","USA"
"SRR7281630","USA","Ia","23","cc23","USA"
"SRR7281633","USA","III-1","19","cc19","USA"
"SRR7281652","USA","III-2","17","cc17","USA"
"SRR7281668","USA","III-2","31","cc17","USA"
"SRR7281762","USA","III-2","1125","cc17","USA"
"SRR7281848","USA","III-2","17","cc17","USA"
"SRR7281849","USA","III-2","17","cc17","USA"
"SRR7281907","USA","III-2","17","cc17","USA"
"SRR7281908","USA","Ia","24","cc452","USA"
"SRR7281953","USA","Ib","12","cc12","USA"
"SRR7281977","USA","III-2","17","cc17","USA"
"SRR7281987","USA","Ia","23","cc23","USA"
"SRR7281988","USA","Ia","23","cc23","USA"
"SRR7282063","USA","III-2","17","cc17","USA"
"SRR7282076","USA","III-2","287","cc17","USA"
"SRR7282078","USA","III-2","17","cc17","USA"
"SRR7282109","USA","III-2","17","cc17","USA"
"SRR7282164","USA","III-2","1131","cc17","USA"
"SRR7282175","USA","III-2","17","cc17","USA"
"SRR7282207","USA","III-2","17","cc17","USA"
"SRR7282219","USA","III-2","17","cc17","USA"
"SRR7282231","USA","III-2","17","cc17","USA"
"SRR7282238","USA","III-2","17","cc17","USA"
"SRR7282244","USA","III-2","17","cc17","USA"
"SRR7282318","USA","Ia","23","cc23","USA"
"SRR7282335","USA","V","1","cc1","USA"
"SRR7282361","USA","III-2","712","cc17","USA"
"SRR7282428","USA","III-2","860","cc17","USA"
"SRR7282456","USA","V","1","cc1","USA"
"SRR7282471","USA","III-2","17","cc17","USA"
"SRR7282474","USA","III-2","17","cc17","USA"
"SRR7282667","USA","IV","1042","cc452","USA"
"SRR7282691","USA","III-2","17","cc17","USA"
"SRR7282716","USA","II","28","cc19","USA"
"SRR7282721","USA","III-2","17","cc17","USA"
"SRR7282732","USA","Ia","23","cc23","USA"
"SRR7282749","USA","Ia","23","cc23","USA"
"SRR7282785","USA","Ib","8","cc12","USA"
"SRR7282816","USA","Ia","23","cc23","USA"
"SRR7282817","USA","Ib","8","cc12","USA"
"SRR7282818","USA","III-2","17","cc17","USA"
"SRR7282876","USA","III-2","17","cc17","USA"
"SRR7282942","USA","III-2","860","cc17","USA"
"SRR7283005","USA","III-2","17","cc17","USA"
"SRR7283006","USA","III-2","17","cc17","USA"
"SRR7283008","USA","III-2","17","cc17","USA"
"SRR7283073","USA","III-1","19","cc19","USA"
"SRR7283112","USA","III-2","860","cc17","USA"
"SRR7283115","USA","III-2","17","cc17","USA"
"SRR7283148","USA","IV","459","cc459","USA"
"SRR7283151","USA","Ia","23","cc23","USA"
"SRR7283156","USA","III-2","17","cc17","USA"
"SRR7283168","USA","III-2","17","cc17","USA"
"SRR7283177","USA","Ib","12","cc12","USA"
"SRR7283267","USA","Ib","12","cc12","USA"
"SRR7283282","USA","III-1","19","cc19","USA"
"SRR7283344","USA","III-2","1114","cc17","USA"
"SRR7283417","USA","II","22","cc22","USA"
"SRR7283434","USA","Ib","12","cc12","USA"
"SRR7283469","USA","III-2","17","cc17","USA"
"SRR7283481","USA","III-1","335","cc19","USA"
"SRR7283526","USA","III-2","17","cc17","USA"
"SRR7283532","USA","III-1","182","cc19","USA"
"SRR7283535","USA","V","1","cc1","USA"
"SRR7283579","USA","III-2","17","cc17","USA"
"SRR7283589","USA","III-2","17","cc17","USA"
"SRR7283598","USA","III-2","17","cc17","USA"
"SRR7283603","USA","III-2","1137","cc17","USA"
"SRR7283838","USA","III-2","17","cc17","USA"
"SRR7283843","USA","Ia","23","cc23","USA"
"SRR7283848","USA","III-2","17","cc17","USA"
"SRR7283850","USA","IV","459","cc459","USA"
"SRR7283887","USA","III-2","17","cc17","USA"
"SRR7283900","USA","III-1","19","cc19","USA"
"SRR7283921","USA","III-2","17","cc17","USA"
"SRR7283938","USA","III-2","17","cc17","USA"
"SRR7284020","USA","III-2","17","cc17","USA"
"SRR7284023","USA","III-2","17","cc17","USA"
"SRR7284032","USA","III-2","17","cc17","USA"
"SRR7284053","USA","III-2","31","cc17","USA"
"SRR7284119","USA","III-2","17","cc17","USA"
"SRR7284130","USA","III-2","17","cc17","USA"
"SRR7284137","USA","III-2","17","cc17","USA"
"SRR7284161","USA","III-1","19","cc19","USA"
"SRR9082412","USA","III-1","19","cc19","USA"
"SRR9082432","USA","II","28","cc19","USA"
"SRR9082437","USA","III-2","17","cc17","USA"
"SRR9082455","USA","III-2","17","cc17","USA"
"SRR9082465","USA","III-2","17","cc17","USA"
"SRR9082475","USA","III-1","19","cc19","USA"
"SRR9082507","USA","III-2","17","cc17","USA"
"SRR9082510","USA","Ib","1","cc1","USA"
"SRR9082574","USA","III-2","17","cc17","USA"
"SRR9082642","USA","III-2","17","cc17","USA"
"SRR9082646","USA","Ia","966","cc23","USA"
"SRR9082652","USA","III-2","17","cc17","USA"
"SRR9082692","USA","Ia","23","cc23","USA"
"SRR9082726","USA","Ia","23","cc23","USA"
"SRR9082746","USA","Ib","12","cc12","USA"
"SRR9082792","USA","III-2","17","cc17","USA"
"SRR9082816","USA","Ia","4",NA,"USA"
"SRR9082864","USA","III-2","17","cc17","USA"
"SRR9082867","USA","Ib","1","cc1","USA"
"SRR9082870","USA","III-2","17","cc17","USA"
"SRR9082885","USA","III-2","17","cc17","USA"
"SRR9082892","USA","Ia","23","cc23","USA"
"SRR9082917","USA","Ia","23","cc23","USA"
"SRR9082922","USA","Ia","23","cc23","USA"
"SRR9082963","USA","III-1","27","cc19","USA"
"SRR9083006","USA","III-2","17","cc17","USA"
"SRR9083046","USA","Ib","1","cc1","USA"
"SRR9083079","USA","III-1","335","cc19","USA"
"SRR9083127","USA","Ia","23","cc23","USA"
"SRR9083177","USA","III-2","17","cc17","USA"
"SRR9083181","USA","Ib","1","cc1","USA"
"SRR9083262","USA","III-2","17","cc17","USA"
"SRR9083278","USA","III-2","17","cc17","USA"
"SRR9083304","USA","III-1","19","cc19","USA"
"SRR9083353","USA","III-2","860","cc17","USA"
"SRR9087042","USA","III-2","17","cc17","USA"
"SRR9087053","USA","III-1","182","cc19","USA"
"SRR9087078","USA","Ia","23","cc23","USA"
"SRR9087127","USA","Ib","12","cc12","USA"
"SRR9087133","USA","III-2","31","cc17","USA"
"SRR9087139","USA","III-2","17","cc17","USA"
"SRR9087910","USA","III-2","1259","cc17","USA"
"SRR9087912","USA","IV","452","cc452","USA"
"SRR9087919","USA","Ib","1","cc1","USA"
"SRR9087949","USA","IV","459","cc459","USA"
"SRR9087980","USA","III-2","1287","cc17","USA"
"SRR9087986","USA","Ia","23","cc23","USA"
"SRR9088030","USA","Ib","1279","cc12","USA"
"SRR9088114","USA","III-2","17","cc17","USA"
"SRR9088125","USA","II","22","cc22","USA"
"SRR9088133","USA","III-2","17","cc17","USA"
"SRR9088150","USA","III-2","860","cc17","USA"
"SRR9088157","USA","III-2","17","cc17","USA"
"SRR9088160","USA","IV","459","cc459","USA"
"SRR9088166","USA","III-2","17","cc17","USA"
"SRR9088171","USA","III-2","17","cc17","USA"
"SRR9088217","USA","III-2","17","cc17","USA"
"SRR9088228","USA","III-2","1226","cc17","USA"
"SRR9088244","USA","III-1","19","cc19","USA"
"SRR9088283","USA","II","22","cc22","USA"
"SRR9088366","USA","IV","452","cc452","USA"
"SRR9088373","USA","III-2","17","cc17","USA"
"SRR9088411","USA","V","1","cc1","USA"
"SRR9088422","USA","III-2","17","cc17","USA"
"SRR9088424","USA","Ib","12","cc12","USA"
"SRR9088439","USA","III-2","17","cc17","USA"
"SRR9088466","USA","III-2","17","cc17","USA"
"SRR9088533","USA","Ib","12","cc12","USA"
"SRR9088542","USA","Ia","1269","cc23","USA"
"SRR9088550","USA","IV","459","cc459","USA"
"SRR9088575","USA","III-1","19","cc19","USA"
"SRR9088628","USA","III-2","17","cc17","USA"
"SRR9088630","USA","III-2","17","cc17","USA"
"SRR9088631","USA","III-2","17","cc17","USA"
"SRR9088656","USA","III-1","19","cc19","USA"
"SRR9088673","USA","III-2","1249","cc17","USA"
"SRR9088708","USA","V","1267","cc1","USA"
"SRR9088733","USA","III-1","19","cc19","USA"
"SRR9088749","USA","III-2","860","cc17","USA"
"SRR9088751","USA","IV","459","cc459","USA"
"SRR9088785","USA","III-1","182","cc19","USA"
"SRR9088792","USA","III-2","17","cc17","USA"
"SRR9088804","USA","III-2","965","cc17","USA"
"SRR9088829","USA","III-2","17","cc17","USA"
"SRR9088851","USA","III-2","17","cc17","USA"
"ERR2531474","Ireland","III-2","17","cc17","other"
"ERR2531533","Ireland","III-1","19","cc19","other"
"ERR2531537","Ireland","III-2","291","cc17","other"
"ERR2531453","Ireland","Ia","23","cc23","other"
"ERR2531547","Ireland","Ia","516",NA,"other"
"ERR2531542","Ireland","Ia","23","cc23","other"
"ERR2531535","Ireland","V","1","cc1","other"
"ERR2531442","Ireland","III-2","17","cc17","other"
"ERR2531415","Ireland","III-1","529","cc327","other"
"ERR2531432","Ireland","Ia","23","cc23","other"
"ERR2531444","Ireland","III-2","17","cc17","other"
"ERR2531460","Ireland","V","1","cc1","other"
"ERR2531366","Ireland","Ib","8","cc12","other"
"ERR2531411","Ireland","III-2","17","cc17","other"
"ERR2531367","Ireland","III-2","17","cc17","other"
"ERR2531425","Ireland","IX","130",NA,"other"
"ERR840677","Malawi","III-2","109","cc17","other"
"ERR840683","Malawi","Ia","23","cc23","other"
"ERR840685","Malawi","III-2","17","cc17","other"
"ERR840691","Malawi","III-2","17","cc17","other"
"ERR840695","Malawi","III-2","867","cc17","other"
"ERR840697","Malawi","III-2","17","cc17","other"
"ERR840709","Malawi","III-2","17","cc17","other"
"ERR840711","Malawi","III-2","17","cc17","other"
"ERR840717","Malawi","II","2054","cc12","other"
"ERR840719","Malawi","III-2","17","cc17","other"
"ERR840723","Malawi","Ia","23","cc23","other"
"ERR840733","Malawi","III-2","17","cc17","other"
"ERR840735","Malawi","III-2","17","cc17","other"
"ERR840737","Malawi","III-2","17","cc17","other"
"ERR840745","Malawi","III-2","17","cc17","other"
"ERR840747","Malawi","III-2","17","cc17","other"
"ERR840749","Malawi","III-2","17","cc17","other"
"ERR840751","Malawi","III-2","17","cc17","other"
"ERR840753","Malawi","III-2","17","cc17","other"
"ERR840755","Malawi","III-2","17","cc17","other"
"ERR840757","Malawi","III-2","17","cc17","other"
"ERR840759","Malawi","III-2","17","cc17","other"
"ERR840763","Malawi","III-2","17","cc17","other"
"ERR840767","Malawi","III-2","17","cc17","other"
"ERR840773","Malawi","III-2","17","cc17","other"
"ERR840783","Malawi","III-2","17","cc17","other"
"ERR840785","Malawi","Ib","10","cc12","other"
"ERR840789","Malawi","III-2","17","cc17","other"
"ERR840791","Malawi","II","28","cc19","other"
"ERR840793","Malawi","III-2","17","cc17","other"
"ERR840795","Malawi","III-2","17","cc17","other"
"ERR840797","Malawi","III-2","17","cc17","other"
"ERR840801","Malawi","III-2","17","cc17","other"
"ERR840803","Malawi","III-2","17","cc17","other"
"ERR840807","Malawi","III-2","17","cc17","other"
"ERR840809","Malawi","III-2","17","cc17","other"
"ERR840813","Malawi","III-2","17","cc17","other"
"ERR840815","Malawi","III-2","17","cc17","other"
"ERR840817","Malawi","III-2","17","cc17","other"
"ERR840820","Malawi","III-2","17","cc17","other"
"ERR840822","Malawi","III-2","17","cc17","other"
"ERR840824","Malawi","III-2","17","cc17","other"
"ERR840828","Malawi","III-2","17","cc17","other"
"ERR840832","Malawi","III-2","17","cc17","other"
"ERR840835","Malawi","III-2","17","cc17","other"
"ERR840837","Malawi","III-2","866","cc17","other"
"ERR840839","Malawi","Ia","23","cc23","other"
"ERR1659685","Netherlands","III-1","27","cc19","other"
"ERR1659687","Netherlands","III-2","17","cc17","other"
"ERR1659690","Netherlands","III-2","17","cc17","other"
"ERR1659692","Netherlands","III-2","287","cc17","other"
"ERR1659696","Netherlands","III-2","148","cc17","other"
"ERR1659697","Netherlands","III-2","17","cc17","other"
"ERR1659698","Netherlands","III-2","17","cc17","other"
"ERR1659699","Netherlands","Ia","144","cc23","other"
"ERR1659709","Netherlands","Ia","24","cc452","other"
"ERR1659711","Netherlands","III-2","17","cc17","other"
"ERR1659714","Netherlands","III-2","17","cc17","other"
"ERR1659716","Netherlands","III-2","17","cc17","other"
"ERR1659721","Netherlands","III-2","17","cc17","other"
"ERR1659722","Netherlands","Ia","23","cc23","other"
"ERR1659723","Netherlands","III-2","1339","cc17","other"
"ERR1659725","Netherlands","III-2","17","cc17","other"
"ERR1659728","Netherlands","III-2","17","cc17","other"
"ERR1659732","Netherlands","III-2","17","cc17","other"
"ERR1659735","Netherlands","Ib","8","cc12","other"
"ERR1659737","Netherlands","III-2","1573","cc17","other"
"ERR1659739","Netherlands","III-2","17","cc17","other"
"ERR1659740","Netherlands","III-2","1573","cc17","other"
"ERR1659742","Netherlands","III-2","17","cc17","other"
"ERR1659743","Netherlands","III-2","17","cc17","other"
"ERR1659744","Netherlands","III-2","17","cc17","other"
"ERR1659746","Netherlands","III-2","17","cc17","other"
"ERR1659752","Netherlands","III-2","17","cc17","other"
"ERR1659756","Netherlands","VI","1","cc1","other"
"ERR1659758","Netherlands","III-2","17","cc17","other"
"ERR1659761","Netherlands","III-2","17","cc17","other"
"ERR1659763","Netherlands","III-2","17","cc17","other"
"ERR1659765","Netherlands","III-2","17","cc17","other"
"ERR1659766","Netherlands","III-1","19","cc19","other"
"ERR1659769","Netherlands","Ia","24","cc452","other"
"ERR1659772","Netherlands","III-2","17","cc17","other"
"ERR1659773","Netherlands","III-1","27","cc19","other"
"ERR1659778","Netherlands","III-2","17","cc17","other"
"ERR1659782","Netherlands","III-2","17","cc17","other"
"ERR1659795","Netherlands","III-1","19","cc19","other"
"ERR1659796","Netherlands","Ia","144","cc23","other"
"ERR1659801","Netherlands","III-2","17","cc17","other"
"ERR1659812","Netherlands","III-1","19","cc19","other"
"ERR1659814","Netherlands","Ib","10","cc12","other"
"ERR1659816","Netherlands","V","7","cc1","other"
"ERR1659817","Netherlands","III-2","17","cc17","other"
"ERR1659821","Netherlands","Ia","144","cc23","other"
"ERR1659823","Netherlands","III-2","17","cc17","other"
"ERR1659826","Netherlands","III-2","17","cc17","other"
"ERR1659827","Netherlands","III-2","17","cc17","other"
"ERR1659828","Netherlands","III-2","17","cc17","other"
"ERR1659836","Netherlands","III-2","1219","cc17","other"
"ERR1659845","Netherlands","III-2","17","cc17","other"
"ERR1659846","Netherlands","III-2","17","cc17","other"
"ERR1659848","Netherlands","III-2","17","cc17","other"
"ERR1659861","Netherlands","III-2","17","cc17","other"
"ERR1659863","Netherlands","III-1","19","cc19","other"
"ERR1659865","Netherlands","III-2","17","cc17","other"
"ERR1659866","Netherlands","III-2","17","cc17","other"
"ERR1659867","Netherlands","III-2","17","cc17","other"
"ERR1672553","Netherlands","Ia","23","cc23","other"
"ERR1672554","Netherlands","III-2","17","cc17","other"
"ERR1672556","Netherlands","Ia","23","cc23","other"
"ERR1672632","Netherlands","III-2","148","cc17","other"
"ERR1672634","Netherlands","III-2","17","cc17","other"
"ERR1672646","Netherlands","III-2","17","cc17","other"
"ERR1672650","Netherlands","III-2","17","cc17","other"
"ERR1672653","Netherlands","III-2","17","cc17","other"
"ERR1672657","Netherlands","III-2","17","cc17","other"
"ERR1672660","Netherlands","III-2","17","cc17","other"
"ERR1672661","Netherlands","III-2","17","cc17","other"
"ERR1672670","Netherlands","III-2","17","cc17","other"
"ERR1672673","Netherlands","III-2","1610","cc17","other"
"ERR1672682","Netherlands","III-2","17","cc17","other"
"ERR1672688","Netherlands","III-2","17","cc17","other"
"ERR1672689","Netherlands","Ia","23","cc23","other"
"ERR1672690","Netherlands","V","1","cc1","other"
"ERR1672693","Netherlands","III-2","17","cc17","other"
"ERR1672697","Netherlands","V","7","cc1","other"
"ERR1672700","Netherlands","Ia","23","cc23","other"
"ERR1672702","Netherlands","III-2","17","cc17","other"
"ERR1672703","Netherlands","III-2","17","cc17","other"
"ERR1672704","Netherlands","III-2","17","cc17","other"
"ERR1672711","Netherlands","V","1","cc1","other"
"ERR1672712","Netherlands","III-1","19","cc19","other"
"ERR1672714","Netherlands","Ia","498","cc452","other"
"ERR1672718","Netherlands","III-2","148","cc17","other"
"ERR1672720","Netherlands","III-1","1323","cc19","other"
"ERR1672722","Netherlands","III-1","1323","cc19","other"
"ERR1672724","Netherlands","III-2","148","cc17","other"
"ERR1672725","Netherlands","III-2","17","cc17","other"
"ERR1672733","Netherlands","III-2","1588","cc17","other"
"ERR1672734","Netherlands","III-2","17","cc17","other"
"ERR1672736","Netherlands","III-2","17","cc17","other"
"ERR1672737","Netherlands","II","10","cc12","other"
"ERR1672739","Netherlands","III-2","17","cc17","other"
"ERR1672742","Netherlands","III-1","182","cc19","other"
"ERR1672743","Netherlands","III-2","17","cc17","other"
"ERR1672745","Netherlands","III-1","19","cc19","other"
"ERR1672746","Netherlands","III-2","17","cc17","other"
"ERR1672748","Netherlands","III-2","17","cc17","other"
"ERR1672758","Netherlands","III-2","17","cc17","other"
"ERR1672760","Netherlands","Ia","1551","cc23","other"
"ERR1672762","Netherlands","III-2","17","cc17","other"
"ERR1672763","Netherlands","III-2","17","cc17","other"
"ERR1672766","Netherlands","III-2","17","cc17","other"
"ERR1672773","Netherlands","III-1","335","cc19","other"
"ERR1672774","Netherlands","Ia","23","cc23","other"
"ERR1672775","Netherlands","Ia","498","cc452","other"
"ERR1672779","Netherlands","V","19","cc19","other"
"ERR1672780","Netherlands","Ia","4",NA,"other"
"ERR1672783","Netherlands","Ia","4",NA,"other"
"ERR1672788","Netherlands","Ia","4",NA,"other"
"ERR1672792","Netherlands","Ia","23","cc23","other"
"ERR1672793","Netherlands","III-2","17","cc17","other"
"ERR1672798","Netherlands","Ia","23","cc23","other"
"ERR1672800","Netherlands","III-2","17","cc17","other"
"ERR1672802","Netherlands","III-2","17","cc17","other"
"ERR1672803","Netherlands","Ia","23","cc23","other"
"ERR1672805","Netherlands","III-2","17","cc17","other"
"ERR1672808","Netherlands","III-2","17","cc17","other"
"ERR1672809","Netherlands","Ia","24","cc452","other"
"ERR1672810","Netherlands","Ia","23","cc23","other"
"ERR1672812","Netherlands","Ia","24","cc452","other"
"ERR1672814","Netherlands","Ia","23","cc23","other"
"ERR1672815","Netherlands","III-1","529","cc327","other"
"ERR1672816","Netherlands","III-1","529","cc327","other"
"ERR1672817","Netherlands","III-2","17","cc17","other"
"ERR1672821","Netherlands","III-2","17","cc17","other"
"ERR1672824","Netherlands","III-2","17","cc17","other"
"ERR1672827","Netherlands","IV","196","cc459","other"
"ERR1672832","Netherlands","III-2","17","cc17","other"
"ERR1672833","Netherlands","III-1","19","cc19","other"
"ERR1672835","Netherlands","III-2","147","cc17","other"
"ERR1672837","Netherlands","IX","130",NA,"other"
"ERR1672844","Netherlands","III-2","17","cc17","other"
"ERR1672846","Netherlands","III-2","1597","cc17","other"
"ERR1672847","Netherlands","III-2","1498","cc17","other"
"ERR1672849","Netherlands","Ia","23","cc23","other"
"ERR1672850","Netherlands","Ia","23","cc23","other"
"ERR1672852","Netherlands","III-1","19","cc19","other"
"ERR1672854","Netherlands","III-2","1567","cc17","other"
"ERR1672855","Netherlands","Ia","23","cc23","other"
"ERR1672857","Netherlands","Ia","23","cc23","other"
"ERR1672859","Netherlands","Ia","23","cc23","other"
"ERR1672860","Netherlands","Ia","23","cc23","other"
"ERR1672864","Netherlands","III-2","17","cc17","other"
"ERR1672866","Netherlands","Ia","23","cc23","other"
"ERR1672870","Netherlands","III-1","19","cc19","other"
"ERR1672872","Netherlands","V","19","cc19","other"
"ERR1672873","Netherlands","Ia","23","cc23","other"
"ERR1672874","Netherlands","III-2","17","cc17","other"
"ERR1672878","Netherlands","III-2","17","cc17","other"
"ERR1672882","Netherlands","III-2","17","cc17","other"
"ERR1672886","Netherlands","III-1","1544","cc19","other"
"ERR1672887","Netherlands","III-3","23","cc23","other"
"ERR1672892","Netherlands","III-1","1600","cc19","other"
"ERR1672894","Netherlands","III-1","106","cc19","other"
"ERR1672896","Netherlands","III-2","148","cc17","other"
"ERR1672899","Netherlands","Ia","24","cc452","other"
"ERR1672900","Netherlands","III-1","529","cc327","other"
"ERR1672901","Netherlands","Ia","24","cc452","other"
"ERR1672903","Netherlands","III-2","17","cc17","other"
"ERR1672907","Netherlands","III-2","17","cc17","other"
"ERR1672909","Netherlands","III-2","17","cc17","other"
"ERR1672910","Netherlands","III-2","17","cc17","other"
"ERR1672912","Netherlands","III-2","17","cc17","other"
"ERR1672916","Netherlands","III-2","95","cc17","other"
"ERR1672918","Netherlands","Ib","12","cc12","other"
"ERR1672921","Netherlands","Ia","23","cc23","other"
"ERR1672922","Netherlands","Ia","23","cc23","other"
"ERR1672923","Netherlands","Ia","23","cc23","other"
"ERR1672924","Netherlands","III-2","17","cc17","other"
"ERR1672926","Netherlands","III-1","335","cc19","other"
"ERR1672928","Netherlands","III-1","19","cc19","other"
"ERR1672934","Netherlands","III-2","17","cc17","other"
